<java.util.Collections$EmptySet: void <init>()>/java.util.AbstractSet.<init>/0	<java.util.AbstractSet: void <init>()>
<java.util.Collections$EmptySet: void <init>(java.util.Collections$1)>/java.util.Collections$EmptySet.<init>/0	<java.util.Collections$EmptySet: void <init>()>
<java.io.IOException: void <init>(java.lang.String)>/java.lang.Exception.<init>/0	<java.lang.Exception: void <init>(java.lang.String)>
<java.util.Collections: java.util.List unmodifiableList(java.util.List)>/java.util.Collections$UnmodifiableRandomAccessList.<init>/0	<java.util.Collections$UnmodifiableRandomAccessList: void <init>(java.util.List)>
<java.util.Collections: java.util.List unmodifiableList(java.util.List)>/java.util.Collections$UnmodifiableList.<init>/0	<java.util.Collections$UnmodifiableList: void <init>(java.util.List)>
<java.util.Collections: void <clinit>()>/java.util.Collections$EmptySet.<init>/0	<java.util.Collections$EmptySet: void <init>(java.util.Collections$1)>
<java.util.Collections: void <clinit>()>/java.util.Collections$EmptyList.<init>/0	<java.util.Collections$EmptyList: void <init>(java.util.Collections$1)>
<java.util.Collections: void <clinit>()>/java.util.Collections$EmptyMap.<init>/0	<java.util.Collections$EmptyMap: void <init>(java.util.Collections$1)>
<java.util.Arrays: char[] copyOfRange(char[],int,int)>/java.lang.StringBuilder.<init>/0	<java.lang.StringBuilder: void <init>()>
<java.util.Arrays: char[] copyOfRange(char[],int,int)>/java.lang.IllegalArgumentException.<init>/0	<java.lang.IllegalArgumentException: void <init>(java.lang.String)>
<java.lang.OutOfMemoryError: void <init>()>/java.lang.VirtualMachineError.<init>/0	<java.lang.VirtualMachineError: void <init>()>
<java.util.AbstractList: void <init>()>/java.util.AbstractCollection.<init>/0	<java.util.AbstractCollection: void <init>()>
<Cat: void <init>()>/Animal.<init>/0	<Animal: void <init>()>
<java.util.AbstractCollection: void <init>()>/java.lang.Object.<init>/0	<java.lang.Object: void <init>()>
<java.io.Reader: void <init>(java.lang.Object)>/java.lang.Object.<init>/0	<java.lang.Object: void <init>()>
<java.io.Reader: void <init>(java.lang.Object)>/java.lang.NullPointerException.<init>/0	<java.lang.NullPointerException: void <init>()>
<java.lang.AssertionError: void <init>()>/java.lang.Error.<init>/0	<java.lang.Error: void <init>()>
<java.util.Collections$EmptyMap: void <init>()>/java.util.AbstractMap.<init>/0	<java.util.AbstractMap: void <init>()>
<java.util.Collections$EmptyMap: void <init>(java.util.Collections$1)>/java.util.Collections$EmptyMap.<init>/0	<java.util.Collections$EmptyMap: void <init>()>
<java.util.Collections$UnmodifiableList: void <init>(java.util.List)>/java.util.Collections$UnmodifiableCollection.<init>/0	<java.util.Collections$UnmodifiableCollection: void <init>(java.util.Collection)>
<java.util.AbstractSet: void <init>()>/java.util.AbstractCollection.<init>/0	<java.util.AbstractCollection: void <init>()>
<java.lang.String: void <init>(char[],int,int)>/java.lang.Object.<init>/0	<java.lang.Object: void <init>()>
<java.lang.String: void <init>(char[],int,int)>/java.lang.StringIndexOutOfBoundsException.<init>/0	<java.lang.StringIndexOutOfBoundsException: void <init>(int)>
<java.lang.String: void <init>(char[],int,int)>/java.lang.StringIndexOutOfBoundsException.<init>/1	<java.lang.StringIndexOutOfBoundsException: void <init>(int)>
<java.lang.String: void <init>(char[],int,int)>/java.lang.StringIndexOutOfBoundsException.<init>/2	<java.lang.StringIndexOutOfBoundsException: void <init>(int)>
<java.lang.String: void <init>(char[],boolean)>/java.lang.Object.<init>/0	<java.lang.Object: void <init>()>
<java.lang.String: void getChars(int,int,char[],int)>/java.lang.StringIndexOutOfBoundsException.<init>/0	<java.lang.StringIndexOutOfBoundsException: void <init>(int)>
<java.lang.String: void getChars(int,int,char[],int)>/java.lang.StringIndexOutOfBoundsException.<init>/1	<java.lang.StringIndexOutOfBoundsException: void <init>(int)>
<java.lang.String: void getChars(int,int,char[],int)>/java.lang.StringIndexOutOfBoundsException.<init>/2	<java.lang.StringIndexOutOfBoundsException: void <init>(int)>
<java.lang.String: void <clinit>()>/java.lang.String$CaseInsensitiveComparator.<init>/0	<java.lang.String$CaseInsensitiveComparator: void <init>(java.lang.String$1)>
<java.util.Collections$UnmodifiableCollection: void <init>(java.util.Collection)>/java.lang.Object.<init>/0	<java.lang.Object: void <init>()>
<java.util.Collections$UnmodifiableCollection: void <init>(java.util.Collection)>/java.lang.NullPointerException.<init>/0	<java.lang.NullPointerException: void <init>()>
<java.util.Collections$EmptyList: void <init>()>/java.util.AbstractList.<init>/0	<java.util.AbstractList: void <init>()>
<java.util.Collections$EmptyList: void <init>(java.util.Collections$1)>/java.util.Collections$EmptyList.<init>/0	<java.util.Collections$EmptyList: void <init>()>
<java.io.BufferedReader: void <init>(java.io.Reader,int)>/java.io.Reader.<init>/0	<java.io.Reader: void <init>(java.lang.Object)>
<java.io.BufferedReader: void <init>(java.io.Reader,int)>/java.lang.IllegalArgumentException.<init>/0	<java.lang.IllegalArgumentException: void <init>(java.lang.String)>
<java.io.BufferedReader: void <init>(java.io.Reader)>/java.io.BufferedReader.<init>/0	<java.io.BufferedReader: void <init>(java.io.Reader,int)>
<java.io.BufferedReader: void ensureOpen()>/java.io.IOException.<init>/0	<java.io.IOException: void <init>(java.lang.String)>
<java.io.BufferedReader: java.lang.String readLine(boolean)>/java.io.BufferedReader.ensureOpen/0	<java.io.BufferedReader: void ensureOpen()>
<java.io.BufferedReader: java.lang.String readLine(boolean)>/java.io.BufferedReader.fill/0	<java.io.BufferedReader: void fill()>
<java.io.BufferedReader: java.lang.String readLine(boolean)>/java.lang.String.<init>/0	<java.lang.String: void <init>(char[],int,int)>
<java.io.BufferedReader: java.lang.String readLine(boolean)>/java.lang.StringBuffer.<init>/0	<java.lang.StringBuffer: void <init>(int)>
<java.io.InputStreamReader: void <init>(java.io.InputStream)>/java.io.Reader.<init>/0	<java.io.Reader: void <init>(java.lang.Object)>
<java.io.InputStreamReader: void <init>(java.io.InputStream)>/java.lang.Error.<init>/0	<java.lang.Error: void <init>(java.lang.Throwable)>
<java.util.AbstractMap: void <init>()>/java.lang.Object.<init>/0	<java.lang.Object: void <init>()>
<java.lang.VirtualMachineError: void <init>()>/java.lang.Error.<init>/0	<java.lang.Error: void <init>()>
<Dog: void <init>()>/Animal.<init>/0	<Animal: void <init>()>
<java.util.Collections$UnmodifiableRandomAccessList: void <init>(java.util.List)>/java.util.Collections$UnmodifiableList.<init>/0	<java.util.Collections$UnmodifiableList: void <init>(java.util.List)>
<java.lang.StringIndexOutOfBoundsException: void <init>(int)>/java.lang.StringBuilder.<init>/0	<java.lang.StringBuilder: void <init>()>
<java.lang.StringIndexOutOfBoundsException: void <init>(int)>/java.lang.IndexOutOfBoundsException.<init>/0	<java.lang.IndexOutOfBoundsException: void <init>(java.lang.String)>
<java.lang.String$CaseInsensitiveComparator: void <init>()>/java.lang.Object.<init>/0	<java.lang.Object: void <init>()>
<java.lang.String$CaseInsensitiveComparator: void <init>(java.lang.String$1)>/java.lang.String$CaseInsensitiveComparator.<init>/0	<java.lang.String$CaseInsensitiveComparator: void <init>()>
<Example: void <init>()>/java.lang.Object.<init>/0	<java.lang.Object: void <init>()>
<Example: void main(java.lang.String[])>/Example.<init>/0	<Example: void <init>()>
<Example: void main(java.lang.String[])>/java.io.InputStreamReader.<init>/0	<java.io.InputStreamReader: void <init>(java.io.InputStream)>
<Example: void main(java.lang.String[])>/java.io.BufferedReader.<init>/0	<java.io.BufferedReader: void <init>(java.io.Reader)>
<Example: void main(java.lang.String[])>/java.lang.StringBuilder.<init>/0	<java.lang.StringBuilder: void <init>()>
<Example: void test(int)>/Cat.<init>/0	<Cat: void <init>()>
<Example: void test(int)>/Dog.<init>/0	<Dog: void <init>()>
<Example: void test(int)>/Cat.<init>/1	<Cat: void <init>()>
<Example: void test(int)>/Cat.<init>/2	<Cat: void <init>()>
<java.lang.InternalError: void <init>()>/java.lang.VirtualMachineError.<init>/0	<java.lang.VirtualMachineError: void <init>()>
<java.lang.ClassLoader: void <clinit>()>/java.util.Vector.<init>/0	<java.util.Vector: void <init>()>
<java.lang.ClassLoader: void <clinit>()>/java.util.Vector.<init>/1	<java.util.Vector: void <init>()>
<java.lang.ClassLoader: void <clinit>()>/java.util.Stack.<init>/0	<java.util.Stack: void <init>()>
<java.lang.Throwable: void <init>()>/java.lang.Object.<init>/0	<java.lang.Object: void <init>()>
<java.lang.Throwable: void <init>(java.lang.String)>/java.lang.Object.<init>/0	<java.lang.Object: void <init>()>
<java.lang.Throwable: void <init>(java.lang.Throwable)>/java.lang.Object.<init>/0	<java.lang.Object: void <init>()>
<java.lang.Throwable: java.lang.Throwable fillInStackTrace()>/java.lang.Throwable.fillInStackTrace/0	<java.lang.Throwable: java.lang.Throwable fillInStackTrace(int)>
<java.lang.Throwable: void <clinit>()>/java.util.ArrayList.<init>/0	<java.util.ArrayList: void <init>(int)>
<java.lang.RuntimeException: void <init>()>/java.lang.Exception.<init>/0	<java.lang.Exception: void <init>()>
<java.lang.RuntimeException: void <init>(java.lang.String)>/java.lang.Exception.<init>/0	<java.lang.Exception: void <init>(java.lang.String)>
<java.util.ArrayList: void <init>(int)>/java.util.AbstractList.<init>/0	<java.util.AbstractList: void <init>()>
<java.util.ArrayList: void <init>(int)>/java.lang.StringBuilder.<init>/0	<java.lang.StringBuilder: void <init>()>
<java.util.ArrayList: void <init>(int)>/java.lang.IllegalArgumentException.<init>/0	<java.lang.IllegalArgumentException: void <init>(java.lang.String)>
<java.lang.IllegalArgumentException: void <init>(java.lang.String)>/java.lang.RuntimeException.<init>/0	<java.lang.RuntimeException: void <init>(java.lang.String)>
<Animal: void <init>()>/java.lang.Object.<init>/0	<java.lang.Object: void <init>()>
<java.lang.Math: double powerOfTwoD(int)>/java.lang.AssertionError.<init>/0	<java.lang.AssertionError: void <init>()>
<java.lang.StringBuffer: void <init>(int)>/java.lang.AbstractStringBuilder.<init>/0	<java.lang.AbstractStringBuilder: void <init>(int)>
<java.lang.StringBuffer: java.lang.StringBuffer append(char[],int,int)>/java.lang.AbstractStringBuilder.append/0	<java.lang.AbstractStringBuilder: java.lang.AbstractStringBuilder append(char[],int,int)>
<java.lang.StringBuffer: java.lang.String toString()>/java.lang.String.<init>/0	<java.lang.String: void <init>(char[],boolean)>
<java.lang.StringBuffer: void <clinit>()>/java.io.ObjectStreamField.<init>/0	<java.io.ObjectStreamField: void <init>(java.lang.String,java.lang.Class)>
<java.lang.StringBuffer: void <clinit>()>/java.io.ObjectStreamField.<init>/1	<java.io.ObjectStreamField: void <init>(java.lang.String,java.lang.Class)>
<java.lang.StringBuffer: void <clinit>()>/java.io.ObjectStreamField.<init>/2	<java.io.ObjectStreamField: void <init>(java.lang.String,java.lang.Class)>
<java.lang.Boolean: void <init>(boolean)>/java.lang.Object.<init>/0	<java.lang.Object: void <init>()>
<java.lang.Boolean: void <clinit>()>/java.lang.Boolean.<init>/0	<java.lang.Boolean: void <init>(boolean)>
<java.lang.Boolean: void <clinit>()>/java.lang.Boolean.<init>/1	<java.lang.Boolean: void <init>(boolean)>
<java.lang.Error: void <init>()>/java.lang.Throwable.<init>/0	<java.lang.Throwable: void <init>()>
<java.lang.Error: void <init>(java.lang.Throwable)>/java.lang.Throwable.<init>/0	<java.lang.Throwable: void <init>(java.lang.Throwable)>
<java.util.Stack: void <init>()>/java.util.Vector.<init>/0	<java.util.Vector: void <init>()>
<java.io.ObjectStreamField: void <init>(java.lang.String,java.lang.Class)>/java.io.ObjectStreamField.<init>/0	<java.io.ObjectStreamField: void <init>(java.lang.String,java.lang.Class,boolean)>
<java.io.ObjectStreamField: void <init>(java.lang.String,java.lang.Class,boolean)>/java.lang.Object.<init>/0	<java.lang.Object: void <init>()>
<java.io.ObjectStreamField: void <init>(java.lang.String,java.lang.Class,boolean)>/java.lang.NullPointerException.<init>/0	<java.lang.NullPointerException: void <init>()>
<java.io.ObjectStreamField: java.lang.String getClassSignature(java.lang.Class)>/java.lang.StringBuilder.<init>/0	<java.lang.StringBuilder: void <init>()>
<java.io.ObjectStreamField: java.lang.String getClassSignature(java.lang.Class)>/java.lang.InternalError.<init>/0	<java.lang.InternalError: void <init>()>
<java.io.ObjectStreamField: java.lang.String getClassSignature(java.lang.Class)>/java.lang.StringBuilder.<init>/1	<java.lang.StringBuilder: void <init>()>
<java.lang.StringBuilder: void <init>()>/java.lang.AbstractStringBuilder.<init>/0	<java.lang.AbstractStringBuilder: void <init>(int)>
<java.lang.StringBuilder: java.lang.StringBuilder append(java.lang.String)>/java.lang.AbstractStringBuilder.append/0	<java.lang.AbstractStringBuilder: java.lang.AbstractStringBuilder append(java.lang.String)>
<java.lang.StringBuilder: java.lang.StringBuilder append(char)>/java.lang.AbstractStringBuilder.append/0	<java.lang.AbstractStringBuilder: java.lang.AbstractStringBuilder append(char)>
<java.lang.StringBuilder: java.lang.StringBuilder append(int)>/java.lang.AbstractStringBuilder.append/0	<java.lang.AbstractStringBuilder: java.lang.AbstractStringBuilder append(int)>
<java.lang.StringBuilder: java.lang.String toString()>/java.lang.String.<init>/0	<java.lang.String: void <init>(char[],int,int)>
<java.lang.AbstractStringBuilder: void <init>(int)>/java.lang.Object.<init>/0	<java.lang.Object: void <init>()>
<java.lang.AbstractStringBuilder: void ensureCapacityInternal(int)>/java.lang.AbstractStringBuilder.newCapacity/0	<java.lang.AbstractStringBuilder: int newCapacity(int)>
<java.lang.AbstractStringBuilder: int newCapacity(int)>/java.lang.AbstractStringBuilder.hugeCapacity/0	<java.lang.AbstractStringBuilder: int hugeCapacity(int)>
<java.lang.AbstractStringBuilder: int hugeCapacity(int)>/java.lang.OutOfMemoryError.<init>/0	<java.lang.OutOfMemoryError: void <init>()>
<java.lang.AbstractStringBuilder: java.lang.AbstractStringBuilder append(java.lang.String)>/java.lang.AbstractStringBuilder.appendNull/0	<java.lang.AbstractStringBuilder: java.lang.AbstractStringBuilder appendNull()>
<java.lang.AbstractStringBuilder: java.lang.AbstractStringBuilder append(java.lang.String)>/java.lang.AbstractStringBuilder.ensureCapacityInternal/0	<java.lang.AbstractStringBuilder: void ensureCapacityInternal(int)>
<java.lang.AbstractStringBuilder: java.lang.AbstractStringBuilder appendNull()>/java.lang.AbstractStringBuilder.ensureCapacityInternal/0	<java.lang.AbstractStringBuilder: void ensureCapacityInternal(int)>
<java.lang.AbstractStringBuilder: java.lang.AbstractStringBuilder append(char[],int,int)>/java.lang.AbstractStringBuilder.ensureCapacityInternal/0	<java.lang.AbstractStringBuilder: void ensureCapacityInternal(int)>
<java.lang.AbstractStringBuilder: java.lang.AbstractStringBuilder append(char)>/java.lang.AbstractStringBuilder.ensureCapacityInternal/0	<java.lang.AbstractStringBuilder: void ensureCapacityInternal(int)>
<java.lang.AbstractStringBuilder: java.lang.AbstractStringBuilder append(int)>/java.lang.AbstractStringBuilder.ensureCapacityInternal/0	<java.lang.AbstractStringBuilder: void ensureCapacityInternal(int)>
<java.lang.Exception: void <init>()>/java.lang.Throwable.<init>/0	<java.lang.Throwable: void <init>()>
<java.lang.Exception: void <init>(java.lang.String)>/java.lang.Throwable.<init>/0	<java.lang.Throwable: void <init>(java.lang.String)>
<java.lang.NullPointerException: void <init>()>/java.lang.RuntimeException.<init>/0	<java.lang.RuntimeException: void <init>()>
<java.lang.IndexOutOfBoundsException: void <init>(java.lang.String)>/java.lang.RuntimeException.<init>/0	<java.lang.RuntimeException: void <init>(java.lang.String)>
<java.lang.Class: java.lang.String getName()>/java.lang.Class.getName0/0	<java.lang.Class: java.lang.String getName0()>
<java.util.Vector: void <init>(int,int)>/java.util.AbstractList.<init>/0	<java.util.AbstractList: void <init>()>
<java.util.Vector: void <init>(int,int)>/java.lang.StringBuilder.<init>/0	<java.lang.StringBuilder: void <init>()>
<java.util.Vector: void <init>(int,int)>/java.lang.IllegalArgumentException.<init>/0	<java.lang.IllegalArgumentException: void <init>(java.lang.String)>
<java.util.Vector: void <init>(int)>/java.util.Vector.<init>/0	<java.util.Vector: void <init>(int,int)>
<java.util.Vector: void <init>()>/java.util.Vector.<init>/0	<java.util.Vector: void <init>(int)>
<java.util.Arrays: char[] copyOf(char[],int)>/java.lang.Math.min/0	<java.lang.Math: int min(int,int)>
<java.util.Arrays: char[] copyOf(char[],int)>/java.lang.System.arraycopy/0	<java.lang.System: void arraycopy(java.lang.Object,int,java.lang.Object,int,int)>
<java.util.Arrays: char[] copyOfRange(char[],int,int)>/java.lang.Math.min/0	<java.lang.Math: int min(int,int)>
<java.util.Arrays: char[] copyOfRange(char[],int,int)>/java.lang.System.arraycopy/0	<java.lang.System: void arraycopy(java.lang.Object,int,java.lang.Object,int,int)>
<java.lang.Void: void <clinit>()>/java.lang.Class.getPrimitiveClass/0	<java.lang.Class: java.lang.Class getPrimitiveClass(java.lang.String)>
<java.lang.Float: void <clinit>()>/java.lang.Class.getPrimitiveClass/0	<java.lang.Class: java.lang.Class getPrimitiveClass(java.lang.String)>
<java.lang.Double: void <clinit>()>/java.lang.Class.getPrimitiveClass/0	<java.lang.Class: java.lang.Class getPrimitiveClass(java.lang.String)>
<java.lang.String: void <init>(char[],int,int)>/java.util.Arrays.copyOfRange/0	<java.util.Arrays: char[] copyOfRange(char[],int,int)>
<java.lang.String: void getChars(int,int,char[],int)>/java.lang.System.arraycopy/0	<java.lang.System: void arraycopy(java.lang.Object,int,java.lang.Object,int,int)>
<java.lang.Character: void <clinit>()>/java.lang.Class.getPrimitiveClass/0	<java.lang.Class: java.lang.Class getPrimitiveClass(java.lang.String)>
<java.io.BufferedReader: void fill()>/java.lang.System.arraycopy/0	<java.lang.System: void arraycopy(java.lang.Object,int,java.lang.Object,int,int)>
<java.io.BufferedReader: void fill()>/java.lang.System.arraycopy/1	<java.lang.System: void arraycopy(java.lang.Object,int,java.lang.Object,int,int)>
<Example: void main(java.lang.String[])>/Example.sanitize/0	<Example: void sanitize(java.lang.Object)>
<java.lang.Object: void <clinit>()>/java.lang.Object.registerNatives/0	<java.lang.Object: void registerNatives()>
<java.lang.ClassLoader: void checkClassLoaderPermission(java.lang.ClassLoader,java.lang.Class)>/java.lang.System.getSecurityManager/0	<java.lang.System: java.lang.SecurityManager getSecurityManager()>
<java.lang.ClassLoader: void checkClassLoaderPermission(java.lang.ClassLoader,java.lang.Class)>/java.lang.ClassLoader.getClassLoader/0	<java.lang.ClassLoader: java.lang.ClassLoader getClassLoader(java.lang.Class)>
<java.lang.ClassLoader: void checkClassLoaderPermission(java.lang.ClassLoader,java.lang.Class)>/java.lang.ClassLoader.needsClassLoaderPermissionCheck/0	<java.lang.ClassLoader: boolean needsClassLoaderPermissionCheck(java.lang.ClassLoader,java.lang.ClassLoader)>
<java.lang.ClassLoader: void <clinit>()>/java.lang.ClassLoader.registerNatives/0	<java.lang.ClassLoader: void registerNatives()>
<java.lang.Throwable: void <clinit>()>/java.util.Collections.unmodifiableList/0	<java.util.Collections: java.util.List unmodifiableList(java.util.List)>
<java.lang.System: void <clinit>()>/java.lang.System.registerNatives/0	<java.lang.System: void registerNatives()>
<java.lang.Math: double powerOfTwoD(int)>/java.lang.Double.longBitsToDouble/0	<java.lang.Double: double longBitsToDouble(long)>
<java.lang.Math: void <clinit>()>/java.lang.Float.floatToRawIntBits/0	<java.lang.Float: int floatToRawIntBits(float)>
<java.lang.Math: void <clinit>()>/java.lang.Double.doubleToRawLongBits/0	<java.lang.Double: long doubleToRawLongBits(double)>
<java.lang.Math: void <clinit>()>/java.lang.Math.powerOfTwoD/0	<java.lang.Math: double powerOfTwoD(int)>
<java.lang.Math: void <clinit>()>/java.lang.Math.powerOfTwoD/1	<java.lang.Math: double powerOfTwoD(int)>
<java.lang.StringBuffer: java.lang.String toString()>/java.util.Arrays.copyOfRange/0	<java.util.Arrays: char[] copyOfRange(char[],int,int)>
<java.lang.Long: void <clinit>()>/java.lang.Class.getPrimitiveClass/0	<java.lang.Class: java.lang.Class getPrimitiveClass(java.lang.String)>
<java.lang.Byte: void <clinit>()>/java.lang.Class.getPrimitiveClass/0	<java.lang.Class: java.lang.Class getPrimitiveClass(java.lang.String)>
<java.lang.Boolean: void <clinit>()>/java.lang.Class.getPrimitiveClass/0	<java.lang.Class: java.lang.Class getPrimitiveClass(java.lang.String)>
<java.io.ObjectStreamField: void <init>(java.lang.String,java.lang.Class,boolean)>/java.io.ObjectStreamField.getClassSignature/0	<java.io.ObjectStreamField: java.lang.String getClassSignature(java.lang.Class)>
<java.lang.AbstractStringBuilder: void ensureCapacityInternal(int)>/java.util.Arrays.copyOf/0	<java.util.Arrays: char[] copyOf(char[],int)>
<java.lang.AbstractStringBuilder: java.lang.AbstractStringBuilder append(char[],int,int)>/java.lang.System.arraycopy/0	<java.lang.System: void arraycopy(java.lang.Object,int,java.lang.Object,int,int)>
<java.lang.AbstractStringBuilder: java.lang.AbstractStringBuilder append(int)>/java.lang.Integer.stringSize/0	<java.lang.Integer: int stringSize(int)>
<java.lang.AbstractStringBuilder: java.lang.AbstractStringBuilder append(int)>/java.lang.Integer.stringSize/1	<java.lang.Integer: int stringSize(int)>
<java.lang.AbstractStringBuilder: java.lang.AbstractStringBuilder append(int)>/java.lang.Integer.getChars/0	<java.lang.Integer: void getChars(int,int,char[])>
<java.lang.Short: void <clinit>()>/java.lang.Class.getPrimitiveClass/0	<java.lang.Class: java.lang.Class getPrimitiveClass(java.lang.String)>
<java.lang.Class: java.lang.ClassLoader getClassLoader()>/java.lang.System.getSecurityManager/0	<java.lang.System: java.lang.SecurityManager getSecurityManager()>
<java.lang.Class: java.lang.ClassLoader getClassLoader()>/java.lang.ClassLoader.checkClassLoaderPermission/0	<java.lang.ClassLoader: void checkClassLoaderPermission(java.lang.ClassLoader,java.lang.Class)>
<java.lang.Integer: void <clinit>()>/java.lang.Class.getPrimitiveClass/0	<java.lang.Class: java.lang.Class getPrimitiveClass(java.lang.String)>
<java.lang.Class: boolean desiredAssertionStatus()>/java.lang.Class.desiredAssertionStatus0/0	<java.lang.Class: boolean desiredAssertionStatus0(java.lang.Class)>
<java.lang.Class: boolean desiredAssertionStatus()>/java.lang.Class.desiredAssertionStatus0/1	<java.lang.Class: boolean desiredAssertionStatus0(java.lang.Class)>
<java.lang.Class: void <clinit>()>/java.lang.Class.registerNatives/0	<java.lang.Class: void registerNatives()>
<java.util.Arrays: char[] copyOfRange(char[],int,int)>/java.lang.StringBuilder.append/0	<java.lang.StringBuilder: java.lang.StringBuilder append(int)>
<java.util.Arrays: char[] copyOfRange(char[],int,int)>/java.lang.StringBuilder.append/1	<java.lang.StringBuilder: java.lang.StringBuilder append(java.lang.String)>
<java.util.Arrays: char[] copyOfRange(char[],int,int)>/java.lang.StringBuilder.append/2	<java.lang.StringBuilder: java.lang.StringBuilder append(int)>
<java.util.Arrays: char[] copyOfRange(char[],int,int)>/java.lang.StringBuilder.toString/0	<java.lang.StringBuilder: java.lang.String toString()>
<java.util.Arrays: void <clinit>()>/java.lang.Class.desiredAssertionStatus/0	<java.lang.Class: boolean desiredAssertionStatus()>
<java.lang.Character: void <clinit>()>/java.lang.Class.desiredAssertionStatus/0	<java.lang.Class: boolean desiredAssertionStatus()>
<java.io.BufferedReader: void fill()>/java.io.Reader.read/0	<java.io.InputStreamReader: int read(char[],int,int)>
<java.io.BufferedReader: java.lang.String readLine(boolean)>/java.lang.StringBuffer.length/0	<java.lang.StringBuffer: int length()>
<java.io.BufferedReader: java.lang.String readLine(boolean)>/java.lang.StringBuffer.toString/0	<java.lang.StringBuffer: java.lang.String toString()>
<java.io.BufferedReader: java.lang.String readLine(boolean)>/java.lang.StringBuffer.append/0	<java.lang.StringBuffer: java.lang.StringBuffer append(char[],int,int)>
<java.io.BufferedReader: java.lang.String readLine(boolean)>/java.lang.StringBuffer.toString/1	<java.lang.StringBuffer: java.lang.String toString()>
<java.io.BufferedReader: java.lang.String readLine(boolean)>/java.lang.StringBuffer.append/1	<java.lang.StringBuffer: java.lang.StringBuffer append(char[],int,int)>
<java.io.BufferedReader: java.lang.String readLine()>/java.io.BufferedReader.readLine/0	<java.io.BufferedReader: java.lang.String readLine(boolean)>
<java.lang.StringIndexOutOfBoundsException: void <init>(int)>/java.lang.StringBuilder.append/0	<java.lang.StringBuilder: java.lang.StringBuilder append(java.lang.String)>
<java.lang.StringIndexOutOfBoundsException: void <init>(int)>/java.lang.StringBuilder.append/1	<java.lang.StringBuilder: java.lang.StringBuilder append(int)>
<java.lang.StringIndexOutOfBoundsException: void <init>(int)>/java.lang.StringBuilder.toString/0	<java.lang.StringBuilder: java.lang.String toString()>
<Example: void main(java.lang.String[])>/Example.test/0	<Example: void test(int)>
<Example: void main(java.lang.String[])>/java.io.BufferedReader.readLine/0	<java.io.BufferedReader: java.lang.String readLine()>
<Example: void main(java.lang.String[])>/java.lang.StringBuilder.append/0	<java.lang.StringBuilder: java.lang.StringBuilder append(java.lang.String)>
<Example: void main(java.lang.String[])>/java.lang.StringBuilder.append/1	<java.lang.StringBuilder: java.lang.StringBuilder append(java.lang.String)>
<Example: void main(java.lang.String[])>/java.lang.StringBuilder.toString/0	<java.lang.StringBuilder: java.lang.String toString()>
<Example: void test(int)>/Animal.play/0	<Cat: void play()>
<Example: void test(int)>/Animal.play/0	<Dog: void play()>
<Example: void test(int)>/Cat.setParent/0	<Cat: void setParent(Cat)>
<Example: void test(int)>/Example.morePlay/0	<Example: void morePlay(Cat)>
<Example: void morePlay(Cat)>/Cat.getParent/0	<Cat: Cat getParent()>
<Example: void morePlay(Cat)>/Cat.play/0	<Cat: void play()>
<Example: void morePlay(Cat)>/Cat.playWith/0	<Animal: Animal playWith(Animal)>
<Example: void morePlay(Cat)>/Cat.playWith/1	<Animal: Animal playWith(Animal)>
<java.lang.Throwable: void <init>()>/java.lang.Throwable.fillInStackTrace/0	<java.lang.Throwable: java.lang.Throwable fillInStackTrace()>
<java.lang.Throwable: void <init>(java.lang.String)>/java.lang.Throwable.fillInStackTrace/0	<java.lang.Throwable: java.lang.Throwable fillInStackTrace()>
<java.lang.Throwable: void <init>(java.lang.Throwable)>/java.lang.Throwable.fillInStackTrace/0	<java.lang.Throwable: java.lang.Throwable fillInStackTrace()>
<java.lang.Throwable: void <clinit>()>/java.lang.Class.desiredAssertionStatus/0	<java.lang.Class: boolean desiredAssertionStatus()>
<java.util.ArrayList: void <init>(int)>/java.lang.StringBuilder.append/0	<java.lang.StringBuilder: java.lang.StringBuilder append(java.lang.String)>
<java.util.ArrayList: void <init>(int)>/java.lang.StringBuilder.append/1	<java.lang.StringBuilder: java.lang.StringBuilder append(int)>
<java.util.ArrayList: void <init>(int)>/java.lang.StringBuilder.toString/0	<java.lang.StringBuilder: java.lang.String toString()>
<Animal: Animal playWith(Animal)>/Animal.play/0	<Cat: void play()>
<java.lang.Math: void <clinit>()>/java.lang.Class.desiredAssertionStatus/0	<java.lang.Class: boolean desiredAssertionStatus()>
<java.io.ObjectStreamField: void <init>(java.lang.String,java.lang.Class,boolean)>/java.lang.String.intern/0	<java.lang.String: java.lang.String intern()>
<java.io.ObjectStreamField: java.lang.String getClassSignature(java.lang.Class)>/java.lang.Class.isArray/0	<java.lang.Class: boolean isArray()>
<java.io.ObjectStreamField: java.lang.String getClassSignature(java.lang.Class)>/java.lang.StringBuilder.append/0	<java.lang.StringBuilder: java.lang.StringBuilder append(char)>
<java.io.ObjectStreamField: java.lang.String getClassSignature(java.lang.Class)>/java.lang.Class.getComponentType/0	<java.lang.Class: java.lang.Class getComponentType()>
<java.io.ObjectStreamField: java.lang.String getClassSignature(java.lang.Class)>/java.lang.Class.isPrimitive/0	<java.lang.Class: boolean isPrimitive()>
<java.io.ObjectStreamField: java.lang.String getClassSignature(java.lang.Class)>/java.lang.StringBuilder.append/1	<java.lang.StringBuilder: java.lang.StringBuilder append(char)>
<java.io.ObjectStreamField: java.lang.String getClassSignature(java.lang.Class)>/java.lang.StringBuilder.append/2	<java.lang.StringBuilder: java.lang.StringBuilder append(char)>
<java.io.ObjectStreamField: java.lang.String getClassSignature(java.lang.Class)>/java.lang.StringBuilder.append/3	<java.lang.StringBuilder: java.lang.StringBuilder append(char)>
<java.io.ObjectStreamField: java.lang.String getClassSignature(java.lang.Class)>/java.lang.StringBuilder.append/4	<java.lang.StringBuilder: java.lang.StringBuilder append(char)>
<java.io.ObjectStreamField: java.lang.String getClassSignature(java.lang.Class)>/java.lang.StringBuilder.append/5	<java.lang.StringBuilder: java.lang.StringBuilder append(char)>
<java.io.ObjectStreamField: java.lang.String getClassSignature(java.lang.Class)>/java.lang.StringBuilder.append/6	<java.lang.StringBuilder: java.lang.StringBuilder append(char)>
<java.io.ObjectStreamField: java.lang.String getClassSignature(java.lang.Class)>/java.lang.StringBuilder.append/7	<java.lang.StringBuilder: java.lang.StringBuilder append(char)>
<java.io.ObjectStreamField: java.lang.String getClassSignature(java.lang.Class)>/java.lang.StringBuilder.append/8	<java.lang.StringBuilder: java.lang.StringBuilder append(char)>
<java.io.ObjectStreamField: java.lang.String getClassSignature(java.lang.Class)>/java.lang.StringBuilder.append/9	<java.lang.StringBuilder: java.lang.StringBuilder append(char)>
<java.io.ObjectStreamField: java.lang.String getClassSignature(java.lang.Class)>/java.lang.StringBuilder.append/10	<java.lang.StringBuilder: java.lang.StringBuilder append(char)>
<java.io.ObjectStreamField: java.lang.String getClassSignature(java.lang.Class)>/java.lang.Class.getName/0	<java.lang.Class: java.lang.String getName()>
<java.io.ObjectStreamField: java.lang.String getClassSignature(java.lang.Class)>/java.lang.StringBuilder.append/11	<java.lang.StringBuilder: java.lang.StringBuilder append(java.lang.String)>
<java.io.ObjectStreamField: java.lang.String getClassSignature(java.lang.Class)>/java.lang.StringBuilder.append/12	<java.lang.StringBuilder: java.lang.StringBuilder append(char)>
<java.io.ObjectStreamField: java.lang.String getClassSignature(java.lang.Class)>/java.lang.StringBuilder.toString/0	<java.lang.StringBuilder: java.lang.String toString()>
<java.io.ObjectStreamField: java.lang.String getClassSignature(java.lang.Class)>/java.lang.StringBuilder.append/13	<java.lang.StringBuilder: java.lang.StringBuilder append(java.lang.String)>
<java.io.ObjectStreamField: java.lang.String getClassSignature(java.lang.Class)>/java.lang.StringBuilder.toString/1	<java.lang.StringBuilder: java.lang.String toString()>
<java.lang.StringBuilder: java.lang.AbstractStringBuilder append(java.lang.String)>/java.lang.StringBuilder.append/0	<java.lang.StringBuilder: java.lang.StringBuilder append(java.lang.String)>
<java.lang.AbstractStringBuilder: java.lang.AbstractStringBuilder append(java.lang.String)>/java.lang.String.length/0	<java.lang.String: int length()>
<java.lang.AbstractStringBuilder: java.lang.AbstractStringBuilder append(java.lang.String)>/java.lang.String.getChars/0	<java.lang.String: void getChars(int,int,char[],int)>
<java.lang.AbstractStringBuilder: java.lang.AbstractStringBuilder append(int)>/java.lang.AbstractStringBuilder.append/0	<java.lang.StringBuilder: java.lang.AbstractStringBuilder append(java.lang.String)>
<java.lang.Class: java.lang.ClassLoader getClassLoader()>/java.lang.Class.getClassLoader0/0	<java.lang.Class: java.lang.ClassLoader getClassLoader0()>
<java.lang.Class: boolean desiredAssertionStatus()>/java.lang.Class.getClassLoader/0	<java.lang.Class: java.lang.ClassLoader getClassLoader()>
<java.lang.Class: boolean desiredAssertionStatus()>/java.lang.Class.getName/0	<java.lang.Class: java.lang.String getName()>
<java.util.Vector: void <init>(int,int)>/java.lang.StringBuilder.append/0	<java.lang.StringBuilder: java.lang.StringBuilder append(java.lang.String)>
<java.util.Vector: void <init>(int,int)>/java.lang.StringBuilder.append/1	<java.lang.StringBuilder: java.lang.StringBuilder append(int)>
<java.util.Vector: void <init>(int,int)>/java.lang.StringBuilder.toString/0	<java.lang.StringBuilder: java.lang.String toString()>
